,hotel_name,lat,long,coordinate,avg_price
3,12th Avenue Hotel Bangkok,13.734550500000001,100.5578375,"[100.5578375, 13.7345505]",2539.0408163265306
10,1Sabai Hostel,13.739672699999998,100.56542979999999,"[100.5654298, 13.7396727]",1020.75
12,2Bedtel,13.74143,100.6192233,"[100.6192233, 13.74143]",1019.0
13,2W Bed & Breakfast Bangkok,13.7387164,100.51460159999999,"[100.5146016, 13.7387164]",663.5
15,39 Boulevard Executive Residence,13.737394199999999,100.5698562,"[100.5698562, 13.7373942]",2862.782608695652
19,4J Lodge@Bangkok,13.7609272,100.50190970000001,"[100.5019097, 13.7609272]",828.5116279069767
20,4M Pratunam Hotel,13.7543014,100.53759649999999,"[100.5375965, 13.7543014]",1127.3636363636363
21,5 Minute Hostel,13.755341699999999,100.53100400000001,"[100.531004, 13.7553417]",595.0
22,99hotel,13.861185999999998,100.509957,"[100.509957, 13.861186]",792.3333333333334
23,@Ratchada 14,13.782079000000001,100.575006,"[100.575006, 13.782079]",651.1428571428571
26,A-One Bangkok Hotel,13.746929999999999,100.58682900000001,"[100.586829, 13.74693]",4730.575
28,A7 Hidden Hostel,13.7410823,100.5555942,"[100.5555942, 13.7410823]",1796.0
34,Abloom Exclusive Serviced Apartments,13.773409,100.5410663,"[100.5410663, 13.773409]",4848.576923076923
35,Ad Lib Bangkok,13.7452529,100.5522899,"[100.5522899, 13.7452529]",4374.05
36,Adamaz House,13.7621844,100.4967757,"[100.4967757, 13.7621844]",766.35
38,Adelphi Suites Bangkok,13.738969,100.55577190000001,"[100.5557719, 13.738969]",3499.75
46,All Together Suite,13.773033199999999,100.5819643,"[100.5819643, 13.7730332]",523.0
47,Aloft Bangkok Sukhumvit 11,13.744322899999998,100.55656809999999,"[100.5565681, 13.7443229]",2749.0
48,Alt Hotel Nana by UHG,13.735053099999998,100.55214079999999,"[100.5521408, 13.7350531]",1217.4444444444443
49,Amanta Hotel & Residence Ratchada,13.7652201,100.5678925,"[100.5678925, 13.7652201]",3649.7
51,Amaranta Hotel,13.7789193,100.5762781,"[100.5762781, 13.7789193]",3582.230769230769
53,Amari Residences Bangkok,13.748199300000001,100.58490379999999,"[100.5849038, 13.7481993]",3459.581818181818
55,Ambassador Hotel Bangkok,13.7418139,100.55684509999999,"[100.5568451, 13.7418139]",2482.7
59,Anantara Riverside Bangkok Resort,13.704460500000001,100.49197120000001,"[100.4919712, 13.7044605]",12949.132075471698
60,Anantara Sathorn Bangkok Hotel,13.716346300000001,100.53158979999999,"[100.5315898, 13.7163463]",3805.875
61,Anantara Siam Bangkok Hotel,13.7409209,100.54020059999999,"[100.5402006, 13.7409209]",9803.92888888889
63,Apartelle Jatujak Hotel,13.817202499999999,100.5656464,"[100.5656464, 13.8172025]",1658.1515151515152
64,Aranta Airport Hotel,13.723251000000001,100.732283,"[100.732283, 13.723251]",2493.548387096774
65,Aravinda Living Home,13.721558499999999,100.58925529999999,"[100.5892553, 13.7215585]",457.0
67,Ariva Ivy Servizio Thonglor Serviced Apartment,13.7372476,100.58332490000001,"[100.5833249, 13.7372476]",1837.5
69,Arize Hotel Sukhumvit,13.728697199999997,100.57028299999999,"[100.570283, 13.7286972]",2992.3333333333335
73,Arte Hotel,13.7401589,100.5595177,"[100.5595177, 13.7401589]",3396.71875
77,Asia Hotel Bangkok,13.751382099999999,100.5311441,"[100.5311441, 13.7513821]",1535.2857142857142
82,Asoke Residence Sukhumvit by UHG,13.746570000000002,100.561718,"[100.561718, 13.74657]",1645.4642857142858
84,Aspen Suites Hotel Sukhumvit 2 Bangkok by Compass Hospitality,13.7378664,100.55206,"[100.55206, 13.7378664]",1918.7857142857142
86,Aspira Davinci Sukhumvit 31,13.7344242,100.56587640000001,"[100.5658764, 13.7344242]",1189.0
87,Aspira G Sukhumvit 33,13.735545000000002,100.567947,"[100.567947, 13.735545]",1364.25
88,Aspira Grand Regency Sukhumvit 22,13.731869,100.564994,"[100.564994, 13.731869]",2036.6363636363637
89,Aspira Hana Residence Thong Lor,13.738750699999999,100.580686,"[100.580686, 13.7387507]",2969.7419354838707
92,Aspira Sukhumvit,13.7410666,100.55574200000001,"[100.555742, 13.7410666]",1695.03125
93,Astera Sathorn Hotel,13.717607000000001,100.51648399999999,"[100.516484, 13.717607]",3329.76
95,At Mind Executive Suites,13.702594400000002,100.60337,"[100.60337, 13.7025944]",1009.6428571428571
96,At Residence Suvarnabhumi,13.7213096,100.733187,"[100.733187, 13.7213096]",1440.0
97,At Smile House,13.755965,100.497959,"[100.497959, 13.755965]",1223.2857142857142
98,Atlas Bangkok Hotel,13.7410823,100.5555942,"[100.5555942, 13.7410823]",1921.851851851852
99,Atrium Boutique Resort,13.774345499999999,100.57844759999999,"[100.5784476, 13.7743455]",992.5
100,August Residence,13.7393395,100.5665094,"[100.5665094, 13.7393395]",1481.875
101,Aurum The River Place,13.743761600000001,100.4922454,"[100.4922454, 13.7437616]",3138.0
102,Avani+ Riverside Bangkok Hotel,13.705010199999998,100.49143240000001,"[100.4914324, 13.7050102]",11069.388888888889
103,B.U. Place Hotel,13.761423,100.558823,"[100.558823, 13.761423]",1511.0833333333333
109,BB Boutique Mansion,13.730993,100.56313,"[100.56313, 13.730993]",875.75
115,BRB Hostel Bangkok Silom,13.726641,100.53102,"[100.53102, 13.726641]",573.0491803278688
118,BS Residence Suvarnabhumi,13.720259200000001,100.73938249999999,"[100.7393825, 13.7202592]",843.6153846153846
120,Baan Chantra,13.7645782,100.49986390000001,"[100.4998639, 13.7645782]",1993.875
122,Baan Chatuchak,13.7973478,100.5503733,"[100.5503733, 13.7973478]",1848.5
123,Baan Dinso,13.755243,100.501114,"[100.501114, 13.755243]",1414.9938271604938
125,Baan Glang Soi,13.719171,100.517089,"[100.517089, 13.719171]",1335.135593220339
128,Baan Noppawong,13.756295000000001,100.50062199999999,"[100.500622, 13.756295]",2746.464285714286
129,Baan Pra Nond Bed & Breakfast,13.717225199999998,100.5197522,"[100.5197522, 13.7172252]",1830.0
130,Baan Sathorn Riverfront,13.7189245,100.5092208,"[100.5092208, 13.7189245]",2185.060606060606
133,Baan Tipa House Wanglang,13.7545451,100.4861766,"[100.4861766, 13.7545451]",980.3220338983051
135,BaanSu Hostel,13.7503714,100.52821920000001,"[100.5282192, 13.7503714]",1537.650980392157
137,Baanpermsook,13.925684099999998,100.529555,"[100.529555, 13.9256841]",984.25
139,Baiyoke Sky Hotel,13.7543452,100.5402098,"[100.5402098, 13.7543452]",3838.0444444444443
140,Baiyoke Suite Hotel,13.753043,100.539507,"[100.539507, 13.753043]",2014.857142857143
141,Ban Thungdang Boutique Hotel,13.755549499999999,100.5011702,"[100.5011702, 13.7555495]",838.2777777777778
142,Bandara Suites Silom,13.725871900000001,100.53829990000001,"[100.5382999, 13.7258719]",4166.7555555555555
144,Bangkok 68,13.786273000000001,100.569474,"[100.569474, 13.786273]",863.8333333333334
145,Bangkok Bed and Bike,13.747407999999998,100.497438,"[100.497438, 13.747408]",598.6470588235294
146,Bangkok Centre Hotel,13.7369731,100.516787,"[100.516787, 13.7369731]",1094.0
148,Bangkok City Hotel,13.754121,100.528689,"[100.528689, 13.754121]",1265.0
150,Bangkok Hub Hostel,13.717635999999999,100.514759,"[100.514759, 13.717636]",597.2666666666667
151,Bangkok Living Apartment,13.791759099999998,100.53679090000001,"[100.5367909, 13.7917591]",1375.857142857143
152,Bangkok Loft Inn,13.7219167,100.49182929999999,"[100.4918293, 13.7219167]",977.1428571428571
153,Bangkok Marriott Hotel Sukhumvit,13.723348199999998,100.5804666,"[100.5804666, 13.7233482]",5720.833333333333
154,Bangkok Marriott Hotel The Surawongse,13.727271,100.52227359999999,"[100.5222736, 13.727271]",7989.0245398773
155,Bangkok Palace Hotel,13.752914,100.547398,"[100.547398, 13.752914]",2314.125
156,Bangkok Publishing Residence,13.756526500000001,100.5072953,"[100.5072953, 13.7565265]",6060.666666666667
158,Bansabai Hostel,13.8165315,100.6092823,"[100.6092823, 13.8165315]",705.25
159,Banthat Thong Hostel,13.738554,100.52147099999999,"[100.521471, 13.738554]",438.34722222222223
160,Banyan Tree Bangkok,13.723709099999999,100.539713,"[100.539713, 13.7237091]",9666.07142857143
163,Bearing 26 Hotel,13.651294199999999,100.61108940000001,"[100.6110894, 13.6512942]",701.0
164,Beat Hotel Bangkok,13.7147144,100.59334770000001,"[100.5933477, 13.7147144]",1570.1
174,Best Western Plus At 20 Sukhumvit,13.732027100000002,100.56405290000001,"[100.5640529, 13.7320271]",1832.2380952380952
175,Best Western Premier Sukhumvit,13.746725,100.5518,"[100.5518, 13.746725]",4583.192307692308
178,Bizotel Bangkok,13.759604199999998,100.5405206,"[100.5405206, 13.7596042]",1369.0
179,Blissotel Ratchada,13.762606400000001,100.56494140000001,"[100.5649414, 13.7626064]",994.3333333333334
182,Bluefin Guesthouse,13.7859117,100.5134527,"[100.5134527, 13.7859117]",378.75
183,Boon Street Hostel,13.754469199999997,100.4983687,"[100.4983687, 13.7544692]",765.3333333333334
184,Boone Place,13.750465900000002,100.52058259999998,"[100.5205826, 13.7504659]",981.5
185,Borarn House,13.752151199999998,100.5447088,"[100.5447088, 13.7521512]",1315.75
193,Buddy Boutique Inn,13.759352499999999,100.49546109999999,"[100.4954611, 13.7593525]",998.5
194,Buddy Lodge Hotel,13.758557000000001,100.498536,"[100.498536, 13.758557]",1486.5714285714287
197,Bunny Burrow Hostel,13.732044400000001,100.5145279,"[100.5145279, 13.7320444]",733.1724137931035
204,CNC Residence,13.7343048,100.56857149999999,"[100.5685715, 13.7343048]",4060.8333333333335
205,COMO Metropolitan Bangkok,13.723417999999999,100.53945,"[100.53945, 13.723418]",8183.294117647059
209,Casa Nithra Bangkok,13.7659218,100.5007447,"[100.5007447, 13.7659218]",2097.6458333333335
213,Centara Grand at Central Plaza Ladprao Bangkok,13.8178547,100.5598752,"[100.5598752, 13.8178547]",4423.830188679245
215,Centara Watergate Pavillion Hotel Bangkok,13.751407999999998,100.5420722,"[100.5420722, 13.751408]",7086.95
216,Centra by Centara Government Complex Hotel & Convention Centre Chaeng Watthana,13.8837325,100.56472109999999,"[100.5647211, 13.8837325]",1878.7777777777778
217,Centre Point Hotel Chidlom,13.738970000000002,100.54335,"[100.54335, 13.73897]",3639.318181818182
221,Centric Place Hotel,13.7579515,100.5642397,"[100.5642397, 13.7579515]",944.8
222,Chaidee Mansion,13.745209,100.5570833,"[100.5570833, 13.745209]",3339.1
224,Charan 41 Hostel,13.767594,100.4759,"[100.4759, 13.767594]",1065.5
225,Charlie House Pinklao,13.778119,100.480817,"[100.480817, 13.778119]",1059.0
226,Chateau de Bangkok,13.7392039,100.54930309999999,"[100.5493031, 13.7392039]",3372.277777777778
227,Chateau de Sukhumvit,13.6992106,100.59882929999999,"[100.5988293, 13.6992106]",1547.0
228,Chatrium Hotel Riverside Bangkok,13.711048300000002,100.509312,"[100.509312, 13.7110483]",5765.775
230,Check-in My Hostel,13.750282,100.528173,"[100.528173, 13.750282]",705.2
231,Chetuphon Gate,13.7449825,100.491885,"[100.491885, 13.7449825]",918.5
232,Chevasai Bangkok,13.7083326,100.5012329,"[100.5012329, 13.7083326]",1065.0
233,Chillax Resort,13.762416,100.499945,"[100.499945, 13.762416]",2242.7380952380954
234,China Guest Inn,13.725905,100.52525,"[100.52525, 13.725905]",1281.6666666666667
235,Chiva Bangkok Hotel,13.7509781,100.5834699,"[100.5834699, 13.7509781]",1345.357142857143
236,Cinnamon Residence,13.8409012,100.5622682,"[100.5622682, 13.8409012]",2148.3333333333335
237,Citadines Sukhumvit 11 Bangkok,13.743932899999999,100.55678540000001,"[100.5567854, 13.7439329]",2322.6666666666665
238,Citadines Sukhumvit 16 Bangkok,13.733568599999998,100.56088790000001,"[100.5608879, 13.7335686]",1699.5454545454545
239,Citadines Sukhumvit 23 Bangkok,13.7396256,100.5630906,"[100.5630906, 13.7396256]",2182.285714285714
240,Citadines Sukhumvit 8 Bangkok,13.735657999999999,100.5561904,"[100.5561904, 13.735658]",2265.4545454545455
241,Citichic Sukhumvit 13 Bangkok by Compass Hospitality,13.744965599999999,100.5580947,"[100.5580947, 13.7449656]",2076.4893617021276
244,Citrus Suites Sukhumvit 6 by Compass Hospitality,13.738975699999997,100.55356579999999,"[100.5535658, 13.7389757]",2918.1807228915663
245,Citrus Sukhumvit 11 by Compass Hospitality,13.7455968,100.5555377,"[100.5555377, 13.7455968]",2530.957746478873
248,Click Hostel,13.7342448,100.5679427,"[100.5679427, 13.7342448]",734.1578947368421
250,Coco@20,13.733809099999998,100.5635136,"[100.5635136, 13.7338091]",1028.0
253,Conrad Bangkok,13.738419500000001,100.54813759999999,"[100.5481376, 13.7384195]",13491.583333333334
254,Conrad Bangkok Residences,13.7384232,100.54808620000001,"[100.5480862, 13.7384232]",6489.066666666667
259,Courtyard by Marriott Bangkok,13.740956099999998,100.54177209999999,"[100.5417721, 13.7409561]",3648.59375
260,Crowne Plaza Bangkok Lumpini Park,13.729776999999999,100.53511999999999,"[100.53512, 13.729777]",5027.8
261,Crystal Suites Suvarnabhumi Airport,13.7214484,100.73073609999999,"[100.7307361, 13.7214484]",1244.975
262,Cubic Bangkok Hostel,13.74438,100.523113,"[100.523113, 13.74438]",1457.6929133858268
263,Cubic Pratunam,13.7545916,100.5360635,"[100.5360635, 13.7545916]",1086.85
264,D Varee Diva Bally Sukhumvit Hotel,13.728814000000002,100.56406199999999,"[100.564062, 13.728814]",1519.2
269,Darul Hijroh Hotel,13.743940700000001,100.6047499,"[100.6047499, 13.7439407]",786.0
272,De Centro Bangkok,13.750725699999998,100.53967929999999,"[100.5396793, 13.7507257]",2518.1666666666665
274,Decor Do Hostel,13.721217999999999,100.50771879999999,"[100.5077188, 13.721218]",541.8108108108108
275,Delight Residence,13.8903971,100.5615031,"[100.5615031, 13.8903971]",1116.1
278,Din Space Bangkok,13.7205166,100.4955254,"[100.4955254, 13.7205166]",1533.3333333333333
286,Dusit Princess Srinakarin Hotel,13.6971293,100.6478685,"[100.6478685, 13.6971293]",3025.0
287,Dynasty Grande Hotel,13.7389435,100.5538763,"[100.5538763, 13.7389435]",1993.2
288,Eastin Grand Hotel Sathorn,13.718741399999999,100.5219157,"[100.5219157, 13.7187414]",4471.375
290,Eastin Thana City Golf Resort Bangkok,13.641022,100.73261219999999,"[100.7326122, 13.641022]",2948.35
291,Ebina House,13.8752359,100.5796717,"[100.5796717, 13.8752359]",1962.9
294,Emporium Suites by Chatrium,13.730480599999998,100.56844609999999,"[100.5684461, 13.7304806]",5256.525
297,Eurna Resort,13.649487699999998,100.4452895,"[100.4452895, 13.6494877]",1678.0
299,Evergreen Place Siam by UHG,13.7507457,100.5306507,"[100.5306507, 13.7507457]",3441.133333333333
300,Executive Club at Windsor,13.7332641,100.563608,"[100.563608, 13.7332641]",3717.0
301,Far East Inn,13.747287,100.543929,"[100.543929, 13.747287]",1274.0
302,Feel Good Bangkok Hostel,13.7697613,100.4840691,"[100.4840691, 13.7697613]",418.73333333333335
303,Feung Nakorn Balcony,13.74862,100.49824,"[100.49824, 13.74862]",2079.5454545454545
307,Focal Local Bed & Breakfast,13.715129500000002,100.5025715,"[100.5025715, 13.7151295]",2012.3333333333333
308,Folk Poshtel Asok,13.742650099999999,100.5622798,"[100.5622798, 13.7426501]",1267.8253968253969
309,Folk Poshtel Silom,13.723155300000002,100.5205677,"[100.5205677, 13.7231553]",1097.877192982456
310,Forum Park Hotel,13.706954300000001,100.53590240000001,"[100.5359024, 13.7069543]",4215.2
311,Four Sons Village,13.761339000000001,100.493977,"[100.493977, 13.761339]",484.25
313,Freesia Saladaeng Silom Apartments,13.727198699999999,100.5381722,"[100.5381722, 13.7271987]",489.0
314,Fu House Hostel,13.7351949,100.55600129999999,"[100.5560013, 13.7351949]",436.2173913043478
322,GM Suites,13.746689300000002,100.5536192,"[100.5536192, 13.7466893]",7442.272727272727
323,GN Luxury Hostel,13.757447400000002,100.5423558,"[100.5423558, 13.7574474]",963.7111111111111
325,Gaam Hotel,13.753507,100.537362,"[100.537362, 13.753507]",1520.0
329,Glitz Hotel,13.729276,100.529703,"[100.529703, 13.729276]",1482.4333333333334
330,Gold Airport Suites,13.718880599999999,100.764061,"[100.764061, 13.7188806]",1336.8857142857144
333,Golden Tulip Mandison Suites,13.7293734,100.5637937,"[100.5637937, 13.7293734]",2046.8
335,Good Day Hostel,13.7520639,100.5369598,"[100.5369598, 13.7520639]",552.2413793103449
336,Graceland Bangkok by Grace Hotel,13.744474800000003,100.5543772,"[100.5543772, 13.7444748]",4842.351648351649
337,Grand Asoke Residence Sukhumvit,13.7415948,100.56149570000001,"[100.5614957, 13.7415948]",3338.5
338,Grand Business Inn,13.740615700000001,100.5563479,"[100.5563479, 13.7406157]",1824.90625
340,Grand Diamond Suites Hotel,13.750504999999999,100.538513,"[100.538513, 13.750505]",8386.733333333334
341,Grand Howard Hotel,13.7020315,100.5160195,"[100.5160195, 13.7020315]",2638.8
343,Grand Inn Come Hotel,13.69,100.72935,"[100.72935, 13.69]",3225.3636363636365
345,Grand Lucky Hotel,13.742919400000002,100.5535255,"[100.5535255, 13.7429194]",1265.4285714285713
346,Grand Mercure Bangkok Asoke Residence,13.741667000000001,100.560834,"[100.560834, 13.741667]",3176.0555555555557
347,Grand Mercure Bangkok Fortune,13.756754199999998,100.56471429999999,"[100.5647143, 13.7567542]",4223.928571428572
355,Grandpa's Hostel Bangkok,13.766762,100.484353,"[100.484353, 13.766762]",703.027027027027
358,Green home Hostel,13.7519919,100.5359725,"[100.5359725, 13.7519919]",842.1428571428571
359,Greenpoint Residence,13.807816899999999,100.6160886,"[100.6160886, 13.8078169]",1592.3239436619717
366,HOFT Hostel Bangkok,13.727500899999999,100.5242824,"[100.5242824, 13.7275009]",666.2009345794393
367,HOMEY-Donmueang Hostel,13.9240511,100.5982959,"[100.5982959, 13.9240511]",851.75
371,Happy Monkey Hostel Bangkok,13.753385999999999,100.537029,"[100.537029, 13.753386]",614.5217391304348
374,Here Hostel Bangkok,13.755626999999999,100.503633,"[100.503633, 13.755627]",605.2857142857143
375,Heyha Hotel,13.689213500000001,100.6088525,"[100.6088525, 13.6892135]",1801.5454545454545
378,Hilton Sukhumvit Bangkok,13.728563500000002,100.5690568,"[100.5690568, 13.7285635]",4802.7
379,Hits Hostel,13.761023999999999,100.49815600000001,"[100.498156, 13.761024]",608.7777777777778
380,Holiday Inn Bangkok Silom,13.7227351,100.51959090000001,"[100.5195909, 13.7227351]",2570.0
381,Holiday Inn Bangkok Sukhumvit,13.732952,100.565457,"[100.565457, 13.732952]",3668.8
382,Holiday Inn Express Bangkok Sathorn,13.723965,100.53068329999999,"[100.5306833, 13.723965]",2039.6666666666667
383,Holiday Inn Express Bangkok Siam,13.7470801,100.5277296,"[100.5277296, 13.7470801]",2677.2727272727275
384,Holiday Inn Express Bangkok Soi Soonvijai,13.747693300000002,100.584608,"[100.584608, 13.7476933]",1991.3898305084747
385,Holiday Inn Express Bangkok Sukhumvit 11,13.7449405,100.5569256,"[100.5569256, 13.7449405]",1741.7971014492753
393,Hotel Indigo Bangkok Wireless Road,13.740058,100.54733900000001,"[100.547339, 13.740058]",4996.882352941177
394,Hotel Mermaid Bangkok,13.734535199999998,100.56527270000001,"[100.5652727, 13.7345352]",2283.516129032258
398,Hotel Once Bangkok,13.707218,100.507041,"[100.507041, 13.707218]",4854.349206349207
404,Hotel Tranz,13.756989800000001,100.53445440000002,"[100.5344544, 13.7569898]",2185.25
408,Hua Chang Heritage Hotel,13.7487888,100.5307151,"[100.5307151, 13.7487888]",4225.333333333333
409,Hyatt Place Bangkok Sukhumvit,13.7278266,100.5683069,"[100.5683069, 13.7278266]",4265.3125
410,Hyde Park Hotel Bangkok,13.757582500000002,100.54324090000001,"[100.5432409, 13.7575825]",1080.4
411,I Residence Hotel Sathorn,13.7201456,100.53862120000001,"[100.5386212, 13.7201456]",1027.08
417,Ibis Bangkok Riverside,13.717634,100.50936159999999,"[100.5093616, 13.717634]",1724.0
418,Ibis Bangkok Sathorn,13.721772099999999,100.546654,"[100.546654, 13.7217721]",983.6363636363636
422,Ibis Styles Bangkok Sukhumvit Phra Khanong,13.712501000000001,100.594477,"[100.594477, 13.712501]",1362.6666666666667
425,In Residence Bangkok Sukhumvit,13.744067999999999,100.5576887,"[100.5576887, 13.744068]",1890.0
426,Indra Regent Hotel,13.7530429,100.541391,"[100.541391, 13.7530429]",4795.8125
427,Inn Stations Hostel,13.7381448,100.5190551,"[100.5190551, 13.7381448]",920.3333333333334
428,InterContinental Bangkok,13.744991399999998,100.54145749999999,"[100.5414575, 13.7449914]",7021.428571428572
429,J Two S Pratunam Hotel,13.755212699999998,100.5384353,"[100.5384353, 13.7552127]",710.0
432,JW Marriott Hotel Bangkok,13.741343599999999,100.5526755,"[100.5526755, 13.7413436]",9018.721649484536
433,Jasmine 59 Hotel,13.725222,100.5814785,"[100.5814785, 13.725222]",3081.3333333333335
434,Jasmine City Hotel,13.7358905,100.5630085,"[100.5630085, 13.7358905]",3210.8
435,Jasmine Resort Hotel,13.7157426,100.59096679999999,"[100.5909668, 13.7157426]",4611.4375
439,K Maison Boutique Hotel,13.7587285,100.54123100000001,"[100.541231, 13.7587285]",4062.176470588235
446,Karnmanee Palace Hotel,13.791306200000001,100.5420536,"[100.5420536, 13.7913062]",994.0
448,Khaosan Art Hotel,13.762203699999999,100.49382940000001,"[100.4938294, 13.7622037]",956.0222222222222
453,King Park Avenue Hotel,13.693802999999999,100.6444051,"[100.6444051, 13.693803]",1480.8666666666666
457,Klassique Sukhumvit,13.7104969,100.5982205,"[100.5982205, 13.7104969]",730.5
458,Klean Residence Hotel,13.719946400000001,100.4958315,"[100.4958315, 13.7199464]",1147.4814814814815
459,Kokotel Bangkok Surawong,13.727560999999998,100.524491,"[100.524491, 13.727561]",1422.767857142857
460,Korbua House,13.761590599999998,100.49997540000001,"[100.4999754, 13.7615906]",1301.1875
461,Kriss Residence,13.722689800000001,100.763806,"[100.763806, 13.7226898]",900.0
462,Kritthai Residence,13.746820000000001,100.528438,"[100.528438, 13.74682]",2366.8571428571427
464,LITA Bangkok,13.7571286,100.564374,"[100.564374, 13.7571286]",891.0149253731344
467,Ladda Place,13.7824025,100.61174820000001,"[100.6117482, 13.7824025]",390.0
468,Laksameenarai Guesthouse,13.7587018,100.49589250000001,"[100.4958925, 13.7587018]",383.3333333333333
470,Lancaster Bangkok,13.7487355,100.5673498,"[100.5673498, 13.7487355]",7560.215384615384
471,Lazy Sunday Hostel,13.7469029,100.5248515,"[100.5248515, 13.7469029]",881.5155279503106
472,Le Fenix Sukhumvit,13.744959,100.55605940000001,"[100.5560594, 13.744959]",1469.34375
473,Le MÃ©ridien Bangkok,13.7300836,100.53023979999999,"[100.5302398, 13.7300836]",4496.428571428572
474,Le Paradis Bangkok,13.8255584,100.5696662,"[100.5696662, 13.8255584]",997.6
475,Le Platinum Hotel,13.7225769,100.5192448,"[100.5192448, 13.7225769]",995.0
480,Legacy Suites Hotel Sukhumvit by Compass Hospitality,13.7349236,100.56546750000001,"[100.5654675, 13.7349236]",4683.130434782609
481,Lemontea Hotel,13.7540045,100.53759000000001,"[100.53759, 13.7540045]",1732.5
483,Light Jatujak Hostel,13.812393700000001,100.5611615,"[100.5611615, 13.8123937]",1355.142857142857
485,Lily Residence,13.677419,100.606452,"[100.606452, 13.677419]",1444.2857142857142
489,Local Time Bangkok,13.7157913,100.5921968,"[100.5921968, 13.7157913]",640.075
491,Loftel 22 Hostel,13.7332179,100.51432659999999,"[100.5143266, 13.7332179]",639.421052631579
492,Loftel Station Hostel,13.7367719,100.51870670000001,"[100.5187067, 13.7367719]",514.0833333333334
493,Lub d Bangkok Siam Hostel,13.7468712,100.52869,"[100.52869, 13.7468712]",440.11764705882354
495,Lucky Palace Hotel,13.7427914,100.55333540000001,"[100.5533354, 13.7427914]",1002.0
500,Maderla,13.720896,100.547141,"[100.547141, 13.720896]",923.1
501,Maduzi Hotel,13.7340334,100.56076209999999,"[100.5607621, 13.7340334]",4359.223776223776
504,Makkasan Inn,13.753029999999999,100.54555,"[100.54555, 13.75303]",762.0
505,Maleewana Hotel & Resort,13.8073022,100.4492976,"[100.4492976, 13.8073022]",2241.4545454545455
508,Mango Bedroom Inn,13.7504973,100.54562,"[100.54562, 13.7504973]",1303.3625
510,Maple Hotel,13.668374599999998,100.64665129999999,"[100.6466513, 13.6683746]",2230.25
513,"Marriott Executive Apartments Bangkok, Sukhumvit Thonglor",13.7236101,100.58065970000001,"[100.5806597, 13.7236101]",4400.0
514,Marsi Hotel,13.684520000000001,100.61388199999999,"[100.613882, 13.68452]",1628.75
515,Marvel Hotel Bangkok,13.7297756,100.5647972,"[100.5647972, 13.7297756]",1281.0
518,Mascot Hostel,13.7535066,100.5434259,"[100.5434259, 13.7535066]",162.0
519,Matchbox Bangkok Hostel,13.734371,100.56768000000001,"[100.56768, 13.734371]",344.8333333333333
522,Maxim's Inn,13.741588,100.555604,"[100.555604, 13.741588]",1286.7619047619048
523,"Mayfair, Bangkok - Marriott Executive Apartments",13.738702800000002,100.5424401,"[100.5424401, 13.7387028]",6524.0
524,MeStyle Place,13.788400400000002,100.58342490000001,"[100.5834249, 13.7884004]",1435.909090909091
525,Meet Inn @Silom,13.726418300000002,100.5373639,"[100.5373639, 13.7264183]",1077.8181818181818
527,Mercure Bangkok Makkasan,13.751344199999998,100.5572696,"[100.5572696, 13.7513442]",2375.0
529,Mercure Bangkok Sukhumvit 11,13.7432155,100.55669959999999,"[100.5566996, 13.7432155]",3888.0
531,Metro Pratunam Boutique Hotel,13.750614,100.546617,"[100.546617, 13.750614]",3016.3142857142857
532,Metro Resort Pratunam,13.752136300000002,100.5354181,"[100.5354181, 13.7521363]",3992.2
535,Micro Hostel,13.753318,100.537273,"[100.537273, 13.753318]",595.5
537,Mile Map Hostel,13.723866000000001,100.52314100000001,"[100.523141, 13.723866]",505.4
538,Millennium Hilton Bangkok,13.728442000000001,100.50951020000001,"[100.5095102, 13.728442]",4182.9
539,Miloft Sathorn Hotel,13.712648800000002,100.5154276,"[100.5154276, 13.7126488]",2152.875
540,Miracle Grand Convention Hotel,13.876548000000001,100.575781,"[100.575781, 13.876548]",1998.7241379310344
541,Miracle Transit Hotel,13.694075699999999,100.7474181,"[100.7474181, 13.6940757]",3415.5
543,Modena by Fraser Bangkok,13.720975400000002,100.55957459999999,"[100.5595746, 13.7209754]",3093.75
547,Montien Hotel Bangkok,13.730542000000002,100.5310982,"[100.5310982, 13.730542]",4635.9
548,Montien Riverside Hotel,13.688374900000001,100.5077311,"[100.5077311, 13.6883749]",5467.291666666667
552,Muangphol Mansion,13.746835999999998,100.529376,"[100.529376, 13.746836]",1096.3333333333333
554,Murraya Residence,13.811233999999999,100.60363290000001,"[100.6036329, 13.811234]",835.6428571428571
560,My View Apartment,13.7341741,100.55434770000001,"[100.5543477, 13.7341741]",1225.6
565,Na Banglampoo Hotel,13.762513,100.497867,"[100.497867, 13.762513]",717.952380952381
568,Naga Residence,13.717923999999998,100.508676,"[100.508676, 13.717924]",1209.4444444444443
569,Naifun BB House,13.6580911,100.6180876,"[100.6180876, 13.6580911]",1117.2142857142858
570,Nana City Hotel,13.7396744,100.55315290000001,"[100.5531529, 13.7396744]",1104.75
576,Nara Suite Residence Bangkok,13.699914000000001,100.53412800000001,"[100.534128, 13.699914]",1699.3333333333333
577,Naratel Hostel Bangkok,13.7276033,100.52674470000001,"[100.5267447, 13.7276033]",486.94805194805195
578,Nasa Vegas Hotel,13.7429038,100.6018328,"[100.6018328, 13.7429038]",1108.6190476190477
579,Natee Hostel,13.7533859,100.53716159999999,"[100.5371616, 13.7533859]",786.4052863436124
580,Naturbliss Boutique Residence,13.844144,100.65260699999999,"[100.652607, 13.844144]",1408.6896551724137
581,Nature Boutique Hotel,13.8321948,100.5594219,"[100.5594219, 13.8321948]",942.5
582,Navalai River Resort,13.763211800000002,100.4943154,"[100.4943154, 13.7632118]",3162.6111111111113
583,Neighbor Phuthon,13.751713500000001,100.4976377,"[100.4976377, 13.7517135]",2286.2
584,Nest Boutique Resort,13.727445600000001,100.735609,"[100.735609, 13.7274456]",564.6666666666666
585,New C.H. Guest House,13.7578014,100.499998,"[100.499998, 13.7578014]",772.2727272727273
589,New Siam III Guest House,13.7622212,100.4954785,"[100.4954785, 13.7622212]",730.625
590,New Siam Palace Ville,13.759948000000001,100.493113,"[100.493113, 13.759948]",1506.611111111111
591,New Siam Riverside,13.7617858,100.4931071,"[100.4931071, 13.7617858]",1704.1147540983607
594,Nine Design Place,13.74826,100.52722299999999,"[100.527223, 13.74826]",1751.0727272727272
596,Nine Place 81,13.7058615,100.60605890000001,"[100.6060589, 13.7058615]",467.0
597,Nivas Siam Hostel,13.7275983,100.4899753,"[100.4899753, 13.7275983]",185.375
599,Northgate Ratchayothin,13.829626999999999,100.563298,"[100.563298, 13.829627]",3721.608695652174
604,Novotel Bangkok Sukhumvit 20,13.731575099999999,100.5643932,"[100.5643932, 13.7315751]",4186.055555555556
605,Novotel Bangkok Sukhumvit 4,13.7392218,100.55325400000001,"[100.553254, 13.7392218]",2871.285714285714
606,Novotel Bangkok Suvarnabhumi Airport,13.6961898,100.751689,"[100.751689, 13.6961898]",7518.481012658228
610,Oakwood Residence Sukhumvit Thonglor Bangkok,13.734704999999998,100.58076700000001,"[100.580767, 13.734705]",4103.444444444444
615,Old Capital Bike Inn,13.7569967,100.5046882,"[100.5046882, 13.7569967]",4352.666666666667
616,Olive Bangkok Hotel,13.687492,100.60717199999999,"[100.607172, 13.687492]",2175.5172413793102
617,Omni Tower Sukhumvit Nana by Compass Hospitality,13.73754,100.553205,"[100.553205, 13.73754]",2503.5
618,Omni Tower Syncate Suites,13.7375247,100.5532094,"[100.5532094, 13.7375247]",1890.7702702702702
619,One One Bangkok Hotel,13.733819,100.582438,"[100.582438, 13.733819]",2385.0
622,Oriental Residence Bangkok,13.738277599999998,100.5462783,"[100.5462783, 13.7382776]",5794.327014218009
624,P Park Residence Suvarnabhumi,13.7369578,100.6429127,"[100.6429127, 13.7369578]",837.0
628,PAMAhouse Boutique Hostel,13.710496599999999,100.4981339,"[100.4981339, 13.7104966]",1324.642857142857
631,PN Home Service,13.753741699999999,100.7894775,"[100.7894775, 13.7537417]",1145.6666666666667
634,Panini Residence,13.7204913,100.75658359999998,"[100.7565836, 13.7204913]",208.0
636,Pannee Lodge,13.759404,100.495548,"[100.495548, 13.759404]",756.0
638,Paradiso Boutique Suites,13.738572,100.557507,"[100.557507, 13.738572]",1504.9714285714285
639,Paragon One Residence,13.757646,100.503005,"[100.503005, 13.757646]",935.0
640,Parinda Hotel,13.735741,100.5518522,"[100.5518522, 13.735741]",2155.409090909091
641,Park 19 Residence,13.736239300000001,100.58687809999999,"[100.5868781, 13.7362393]",1756.0666666666666
642,Park Hyatt Bangkok,13.743844000000001,100.5471177,"[100.5471177, 13.743844]",18027.21518987342
643,Park Plaza Bangkok Soi 18,13.732830599999998,100.5629105,"[100.5629105, 13.7328306]",2670.8518518518517
646,Pathumwan Princess Hotel,13.743357399999999,100.5296122,"[100.5296122, 13.7433574]",11217.0
647,Patumwan House,13.749084,100.529409,"[100.529409, 13.749084]",2090.0
649,Petals Inn,13.7388017,100.5529282,"[100.5529282, 13.7388017]",1070.125
650,Phachara Suites Sukhumvit,13.739306,100.553729,"[100.553729, 13.739306]",2138.75
654,Phresh Hostel,13.710431400000001,100.6098912,"[100.6098912, 13.7104314]",816.2857142857143
655,Phurahong Homestay,13.884057,100.624063,"[100.624063, 13.884057]",777.4166666666666
658,Pinnacle Lumpinee Park Hotel,13.7237134,100.54830009999999,"[100.5483001, 13.7237134]",1511.5714285714287
659,Pitikant Place,13.965177800000003,100.6177279,"[100.6177279, 13.9651778]",869.3333333333334
662,Plume Residence Minburi,13.817564800000001,100.7255329,"[100.7255329, 13.8175648]",784.0
666,Poonchock Mansion,13.823974,100.563515,"[100.563515, 13.823974]",935.0
668,Poste 43 Residence,13.727926,100.516413,"[100.516413, 13.727926]",1729.677966101695
670,Pratunam Pavilion Hotel,13.7547434,100.5396418,"[100.5396418, 13.7547434]",1415.0
671,Pratunam19 hotel,13.753175599999999,100.5388719,"[100.5388719, 13.7531756]",2115.714285714286
673,Preme Hostel,13.735325699999999,100.5634926,"[100.5634926, 13.7353257]",983.02
675,Prime Hotel Central Station Bangkok,13.7373916,100.51530670000001,"[100.5153067, 13.7373916]",2049.8571428571427
676,Prince Palace Hotel,13.7541543,100.5160293,"[100.5160293, 13.7541543]",2277.1428571428573
679,Pullman Bangkok Grande Sukhumvit,13.738938000000001,100.56208199999999,"[100.562082, 13.738938]",4725.277777777777
680,Pullman Bangkok Hotel G,13.7258512,100.5259325,"[100.5259325, 13.7258512]",4765.0
688,Radisson Blu Plaza Bangkok,13.7349212,100.5637468,"[100.5637468, 13.7349212]",5495.416666666667
689,Radisson Suites Bangkok Sukhumvit,13.7440548,100.55768940000002,"[100.5576894, 13.7440548]",2962.0714285714284
692,Rajah Hotel,13.740063500000002,100.55242129999999,"[100.5524213, 13.7400635]",1139.6666666666667
696,Rambuttri House,13.759520499999999,100.4980552,"[100.4980552, 13.7595205]",818.3
697,Ratchada 17 Place,13.7856997,100.570748,"[100.570748, 13.7856997]",607.1142857142858
699,Ratchadamnoen Residence,13.757170499999999,100.50282890000001,"[100.5028289, 13.7571705]",1614.3870967741937
700,Red Planet Bangkok Asoke,13.7354375,100.5601194,"[100.5601194, 13.7354375]",1369.8
701,Red Planet Bangkok Surawong,13.728772099999999,100.5268999,"[100.5268999, 13.7287721]",917.2608695652174
703,Regent Suvarnabhumi Hotel,13.720345000000002,100.730267,"[100.730267, 13.720345]",731.0
704,Renaissance Bangkok Ratchaprasong Hotel,13.742293,100.54183379999999,"[100.5418338, 13.742293]",5691.379310344828
709,Restiny Hostel,13.754454,100.532256,"[100.532256, 13.754454]",2277.1176470588234
710,RetrOasis Hotel,13.734078699999998,100.5648183,"[100.5648183, 13.7340787]",1329.0416666666667
713,Rikka Inn,13.758516199999999,100.4984241,"[100.4984241, 13.7585162]",816.3
714,Rimklong Hostel,13.755408800000001,100.50720550000001,"[100.5072055, 13.7554088]",981.5
716,Riski Residence,13.854053899999998,100.534929,"[100.534929, 13.8540539]",997.5
717,Riva Arun Bangkok,13.7442296,100.491892,"[100.491892, 13.7442296]",3057.8
719,Riverfront Residence,13.6720249,100.5434887,"[100.5434887, 13.6720249]",2213.027777777778
720,Romance Hotel Bangna,13.6759179,100.64309659999999,"[100.6430966, 13.6759179]",941.9285714285714
722,Rongratana Executive Residence,13.7384575,100.54260490000001,"[100.5426049, 13.7384575]",8633.0
726,Roseate Ratchada,13.760456099999999,100.5644867,"[100.5644867, 13.7604561]",826.3333333333334
727,Royal Benja Hotel,13.7450715,100.5549418,"[100.5549418, 13.7450715]",13333.0
729,Royal Garden Home Hotel,13.746368900000002,100.5536634,"[100.5536634, 13.7463689]",1935.7096774193549
730,Royal Ivory Sukhumvit Nana by Compass Hospitality,13.7369255,100.5533646,"[100.5533646, 13.7369255]",1293.75
731,Royal Orchid Sheraton Hotel & Towers,13.729053,100.513574,"[100.513574, 13.729053]",4068.181818181818
733,Royal Suite Hotel Bangkok,13.748424599999998,100.59789620000001,"[100.5978962, 13.7484246]",5227.538461538462
736,S Box Sukhumvit Hotel,13.733482999999998,100.566244,"[100.566244, 13.733483]",1514.6
737,S L A bar n'bed,13.7625907,100.503703,"[100.503703, 13.7625907]",577.0
740,S1 Hostel,13.721082999999998,100.546102,"[100.546102, 13.721083]",749.0416666666666
741,S15 Sukhumvit Hotel,13.738764999999999,100.55830999999999,"[100.55831, 13.738765]",3147.4
742,S3 Residence Park,13.763046,100.54100600000001,"[100.541006, 13.763046]",1168.857142857143
743,S31 Sukhumvit Hotel,13.733259400000001,100.5660123,"[100.5660123, 13.7332594]",3145.4827586206898
744,S33 Compact Sukhumvit Hotel,13.734943,100.567415,"[100.567415, 13.734943]",1639.6515151515152
745,SC Park Hotel,13.7676704,100.603363,"[100.603363, 13.7676704]",1488.1153846153845
749,SP Residence,13.7208029,100.7974017,"[100.7974017, 13.7208029]",381.5
750,SPN Place Ratchada,13.766791,100.5701073,"[100.5701073, 13.766791]",1004.7333333333333
755,Sabuydee Guesthouse,13.789801,100.5494944,"[100.5494944, 13.789801]",471.0
757,Sakun Place,13.640625,100.63561,"[100.63561, 13.640625]",487.75
758,Salil Hotel Sukhumvit - Soi Thonglor 1,13.727442800000002,100.57862929999999,"[100.5786293, 13.7274428]",2505.730769230769
760,Salil Hotel Sukhumvit Soi 8,13.735301000000002,100.555766,"[100.555766, 13.735301]",1610.7916666666667
766,Sara's Hotel,13.7446582,100.55331190000001,"[100.5533119, 13.7446582]",4308.545454545455
767,Sarasinee All Suite Boutique Hotel,13.7211033,100.50647729999999,"[100.5064773, 13.7211033]",1568.0
768,Sarnn Sukhumvit 28,13.728125199999997,100.57206409999999,"[100.5720641, 13.7281252]",890.3333333333334
770,Sathorn Terrace Apartment,13.718595,100.516008,"[100.516008, 13.718595]",1405.64
771,"Sathorn Vista, Bangkok - Marriott Executive Apartments",13.72313,100.5371,"[100.5371, 13.72313]",7137.0952380952385
773,Sawasdee House,13.760995199999998,100.49639549999999,"[100.4963955, 13.7609952]",822.0
775,Season Place,13.7284249,100.47767359999999,"[100.4776736, 13.7284249]",702.3333333333334
777,Sena Place,13.788253,100.5438948,"[100.5438948, 13.788253]",726.1428571428571
779,Serene Asoke Suites,13.7373434,100.5617714,"[100.5617714, 13.7373434]",970.2857142857143
780,Serene Bangkok Bed & Breakfast,13.83019,100.56290820000001,"[100.5629082, 13.83019]",1137.8
782,Shanghai Mansion Bangkok,13.7397867,100.5112472,"[100.5112472, 13.7397867]",3204.5
783,"Shangri-La Hotel, Bangkok",13.719469,100.5136318,"[100.5136318, 13.719469]",9205.474285714286
784,"Sheraton Grande Sukhumvit, a Luxury Collection Hotel, Bangkok",13.7375595,100.5590345,"[100.5590345, 13.7375595]",8361.247252747253
786,Siam Golden Place,13.730122099999999,100.73345429999999,"[100.7334543, 13.7301221]",1755.888888888889
787,Siam Journey Guesthouse,13.755255100000001,100.5313055,"[100.5313055, 13.7552551]",392.1666666666667
788,Siam Kempinski Hotel Bangkok,13.7484255,100.5347561,"[100.5347561, 13.7484255]",12817.944444444445
792,Siam Swana Hotel,13.751849400000001,100.5300734,"[100.5300734, 13.7518494]",1274.0
793,Siam Tharadol,13.698394500000001,100.6102035,"[100.6102035, 13.6983945]",2413.9
795,Siamaze Hostel,13.7862978,100.5702574,"[100.5702574, 13.7862978]",901.0833333333334
796,Siamese Studio,13.758043300000002,100.5699246,"[100.5699246, 13.7580433]",983.4666666666667
799,SilQ Bangkok Hotel,13.739714000000001,100.560322,"[100.560322, 13.739714]",1931.6666666666667
800,Silom Art Hostel,13.726161300000001,100.5249754,"[100.5249754, 13.7261613]",1414.844827586207
801,Silom Avenue Inn Hotel,13.724740099999998,100.5223064,"[100.5223064, 13.7247401]",685.6666666666666
802,Silom City Hotel,13.72575,100.522521,"[100.522521, 13.72575]",2433.159420289855
805,Silom Studios,13.7273738,100.5371184,"[100.5371184, 13.7273738]",2021.2222222222222
807,Siri Sathorn Hotel,13.725508,100.53858699999999,"[100.538587, 13.725508]",6597.142857142857
810,Sky Inn 1,13.745803500000001,100.553679,"[100.553679, 13.7458035]",1103.3333333333333
811,Skyy Hotel,13.7464245,100.55167390000001,"[100.5516739, 13.7464245]",1484.6666666666667
812,Sleep Dee Hostel,13.7120423,100.59377909999999,"[100.5937791, 13.7120423]",738.5
816,Smart Mansion,13.7953025,100.7109388,"[100.7109388, 13.7953025]",1168.5
817,Smile Inn,13.7546541,100.51050500000001,"[100.510505, 13.7546541]",569.6785714285714
818,Smile Society,13.7278218,100.5305643,"[100.5305643, 13.7278218]",1026.3823529411766
819,Snooze Hotel Thonglor Bangkok,13.733855300000002,100.5798719,"[100.5798719, 13.7338553]",881.9
821,Solitaire Bangkok Sukhumvit 11,13.7451592,100.55748259999999,"[100.5574826, 13.7451592]",3756.5882352941176
822,Some Rest Hostel,13.7595518,100.4971435,"[100.4971435, 13.7595518]",858.0
823,Somerset Ekamai Bangkok,13.7230721,100.5864818,"[100.5864818, 13.7230721]",3469.4736842105262
824,Somerset Park Suanplu Bangkok,13.721646100000001,100.53773699999999,"[100.537737, 13.7216461]",3887.3469387755104
827,Sri Krungthep Hotel,13.753921499999999,100.5023869,"[100.5023869, 13.7539215]",708.1111111111111
829,Studio Asoke,13.739643300000003,100.5619376,"[100.5619376, 13.7396433]",1276.3333333333333
830,Studio Ekamai,13.7176837,100.5880835,"[100.5880835, 13.7176837]",782.6666666666666
831,Studio Nana by iCheck inn,13.7405217,100.55669559999998,"[100.5566956, 13.7405217]",893.2
834,Suayai Guesthouse,13.8229953,100.5792275,"[100.5792275, 13.8229953]",373.0
836,Sudyod Apartment,13.775652,100.481053,"[100.481053, 13.775652]",1053.0
837,Sukhon Hotel,13.756549599999998,100.5338245,"[100.5338245, 13.7565496]",2196.8372093023254
839,Sukhumvit 20 Hotel,13.730833800000001,100.5638014,"[100.5638014, 13.7308338]",618.0
840,"Sukhumvit Park, Bangkok - Marriott Executive Apartments",13.7243978,100.5667285,"[100.5667285, 13.7243978]",3882.3333333333335
841,Sukhumvit Suites Hotel,13.736193400000001,100.56193990000001,"[100.5619399, 13.7361934]",2516.0
842,Summit Pavilion Hotel,13.727128,100.658004,"[100.658004, 13.727128]",1343.2307692307693
843,Summit Windmill Golf Residence,13.655667000000001,100.704964,"[100.704964, 13.655667]",5236.114285714286
844,Suneta Hostel Khaosan,13.7606499,100.4990573,"[100.4990573, 13.7606499]",571.0941176470589
845,Sunny Residence,13.726925199999998,100.735635,"[100.735635, 13.7269252]",709.875
846,Suphan Lake Hometel,13.7621111,100.731473,"[100.731473, 13.7621111]",627.0
847,SureStay Plus by Best Western Sukhumvit 2,13.7391454,100.5519623,"[100.5519623, 13.7391454]",3214.285714285714
850,Syama Suites,13.7336553,100.5635422,"[100.5635422, 13.7336553]",1648.375
851,Synsiri 5 Nawamin 96 Apartment,13.833770199999998,100.66314609999999,"[100.6631461, 13.8337702]",555.75
853,T Hostel Victory Monument,13.767237900000001,100.53988249999999,"[100.5398825, 13.7672379]",699.55
857,THA City Loft Hotel,13.7261617,100.5854587,"[100.5854587, 13.7261617]",1323.6666666666667
870,Tarawish Hotel,13.755775199999999,100.5366368,"[100.5366368, 13.7557752]",1835.965909090909
873,Ten Ekamai Suites by Aspira,13.728872,100.59021,"[100.59021, 13.728872]",1747.8076923076924
875,Thai Cat Hostel,13.7544337,100.54224140000001,"[100.5422414, 13.7544337]",1880.6842105263158
876,Thai Cozy House Hotel,13.7601476,100.498535,"[100.498535, 13.7601476]",722.3
878,The 93 Hotel,13.7539977,100.53899770000001,"[100.5389977, 13.7539977]",1446.0
879,The Aim Sathorn Hotel,13.719716,100.54843740000001,"[100.5484374, 13.719716]",851.0
880,The Aiyapura Bangkok,13.7245625,100.4953335,"[100.4953335, 13.7245625]",974.625
884,The Bedrooms Boutique Hotel,13.709445800000001,100.6022814,"[100.6022814, 13.7094458]",1004.4411764705883
885,The Berkeley Hotel Pratunam,13.7500014,100.54280209999999,"[100.5428021, 13.7500014]",2698.777777777778
888,The Canal Hotel,13.809747699999999,100.7244848,"[100.7244848, 13.8097477]",894.2333333333333
889,The Chatbox Silom Hostel,13.7278386,100.5266815,"[100.5266815, 13.7278386]",1019.0714285714286
895,The Cube Hostel,13.7277655,100.5364564,"[100.5364564, 13.7277655]",366.8333333333333
896,The Dawin Bangkok Hotel,13.738389000000002,100.55317600000001,"[100.553176, 13.738389]",2255.4285714285716
897,The Duchess Hotel and Residences,13.738554,100.543089,"[100.543089, 13.738554]",3890.5714285714284
899,The Embassy Sathorn,13.7239603,100.53867070000001,"[100.5386707, 13.7239603]",936.5
901,The FAH Silom Hotel,13.727870300000001,100.5307234,"[100.5307234, 13.7278703]",1812.75
911,The Kaze 34 Hotel and Serviced Residence,13.723699,100.572271,"[100.572271, 13.723699]",1125.625
915,The M Pool Villas Bangkok - BTS Ekkamai,13.723053,100.5885152,"[100.5885152, 13.723053]",1184.5384615384614
917,The Mini R Ratchada Hotel,13.7731736,100.5730422,"[100.5730422, 13.7731736]",1221.5
918,The Mix Bangkok - Silom,13.722300899999999,100.52080009999999,"[100.5208001, 13.7223009]",803.6363636363636
920,The Moonite Boutique Hotel,13.747670000000001,100.548452,"[100.548452, 13.74767]",1697.764705882353
921,The Myth-Sud Sathorn,13.7181893,100.5156773,"[100.5156773, 13.7181893]",1693.5185185185185
922,The Narathiwas Hotel & Residence Sathorn Bangkok,13.6995638,100.53724220000001,"[100.5372422, 13.6995638]",2430.4583333333335
924,The Nine House,13.9305104,100.60268559999999,"[100.6026856, 13.9305104]",613.0
925,The Ninth Place Serviced Residence,13.687999999999999,100.646,"[100.646, 13.688]",1986.5
926,The Okura Prestige Bangkok,13.7429457,100.5476514,"[100.5476514, 13.7429457]",11783.776255707762
927,The Orientale,13.7390532,100.5132304,"[100.5132304, 13.7390532]",848.4
931,The Peninsula Bangkok,13.723022,100.51140500000001,"[100.511405, 13.723022]",16797.18128654971
934,The Platinum Suite,13.739804500000002,100.6085084,"[100.6085084, 13.7398045]",774.5
935,The Plubpla Serviced Apartment,13.772501,100.628287,"[100.628287, 13.772501]",748.7391304347826
936,The Prima Residence,13.912943400000001,100.5930181,"[100.5930181, 13.9129434]",1149.5
943,The Rooftop Residence,13.7449255,100.51384509999998,"[100.5138451, 13.7449255]",1286.6153846153845
944,The Royal City Hotel,13.78385,100.472852,"[100.472852, 13.78385]",2502.0
945,The Royal River Hotel,13.783374499999999,100.501315,"[100.501315, 13.7833745]",1778.5
946,The Royal ThaTien Village,13.744753,100.492287,"[100.492287, 13.744753]",907.9411764705883
947,The Salil Hotel Sukhumvit 57 - Thonglor,13.724850699999998,100.5802581,"[100.5802581, 13.7248507]",4910.0
950,The Shade House,13.670466000000001,100.615031,"[100.615031, 13.670466]",900.3076923076923
951,The Siam Hotel,13.781348000000001,100.50574,"[100.50574, 13.781348]",28292.506329113923
953,The State Apartment,13.805617600000001,100.52993520000001,"[100.5299352, 13.8056176]",701.0
954,The Step Sathon,13.718420199999999,100.5209734,"[100.5209734, 13.7184202]",1067.4705882352941
955,The Sukhothai Bangkok,13.7230609,100.5408408,"[100.5408408, 13.7230609]",8266.621794871795
957,The Sunreno Serviced Apartment,13.704301999999998,100.50512900000001,"[100.505129, 13.704302]",2589.913043478261
958,The Sunrise Residence,13.7269554,100.53926990000001,"[100.5392699, 13.7269554]",935.0
960,The Travellers Hotel,13.797259500000001,100.5741735,"[100.5741735, 13.7972595]",1051.8
962,The Twins Hostel,13.763226800000002,100.5000342,"[100.5000342, 13.7632268]",352.8333333333333
966,"The Westin Grande Sukhumvit, Bangkok",13.7380824,100.5594921,"[100.5594921, 13.7380824]",5854.347826086957
970,Theatre Residence,13.753696900000001,100.4860907,"[100.4860907, 13.7536969]",3155.472222222222
971,Thee Bangkok Hotel,13.732859900000001,100.5642443,"[100.5642443, 13.7328599]",1540.1904761904761
977,Three Sukhumvit Hotel,13.745957,100.55363,"[100.55363, 13.745957]",2141.3333333333335
982,Tongpoon Hotel,13.746630999999999,100.52109899999999,"[100.521099, 13.746631]",1378.1666666666667
984,Top High Airport Link Hotel,13.755827900000002,100.53645429999999,"[100.5364543, 13.7558279]",1003.75
987,Travelodge Sukhumvit 11,13.744949700000001,100.55733559999999,"[100.5573356, 13.7449497]",1799.0
989,Trinity Silom Hotel,13.724598,100.5308438,"[100.5308438, 13.724598]",6099.5
991,True Siam Phayathai Hotel,13.759264800000002,100.5365063,"[100.5365063, 13.7592648]",1742.8125
992,True Siam Rangnam Hotel,13.758591099999999,100.5396502,"[100.5396502, 13.7585911]",1440.6333333333334
993,Tubtim Siam Suvarnabhumi Hotel,13.621823999999998,100.762876,"[100.762876, 13.621824]",1355.107142857143
996,Two Three A Homely Hotel,13.7379936,100.5638436,"[100.5638436, 13.7379936]",3939.3333333333335
997,U Sathorn Bangkok,13.718729399999999,100.54633829999999,"[100.5463383, 13.7187294]",5630.428571428572
1000,U431 Chaengwattana,13.897676,100.552856,"[100.552856, 13.897676]",974.5
1001,UMA Residence,13.784274700000001,100.5131807,"[100.5131807, 13.7842747]",1176.1818181818182
1004,Urban Hostel Bangkok,13.732795000000001,100.519103,"[100.519103, 13.732795]",822.0
1007,V20 Boutique Hotel,13.8046559,100.5644995,"[100.5644995, 13.8046559]",4408.9240506329115
1008,VILLA23 Residence,13.869635,100.622618,"[100.622618, 13.869635]",1047.0
1009,VM1 Hostel,13.768913000000001,100.53945870000001,"[100.5394587, 13.768913]",846.1724137931035
1012,Vabua Asotel Bangkok,13.769136999999999,100.632265,"[100.632265, 13.769137]",795.5
1015,Vera Nidhra Bed & Breakfast,13.7222179,100.50332579999998,"[100.5033258, 13.7222179]",1813.5555555555557
1016,Veronica Residence,13.792373399999999,100.5740071,"[100.5740071, 13.7923734]",2489.6666666666665
1019,Victory Park Hostel,13.76286,100.540823,"[100.540823, 13.76286]",1572.5
1022,Violet Tower at Khaosan Palace,13.75932,100.49681,"[100.49681, 13.75932]",889.0
1024,Viva Garden Serviced Residence,13.698453400000002,100.604404,"[100.604404, 13.6984534]",2451.5833333333335
1025,Volve Hotel Bangkok,13.7268216,100.5780802,"[100.5780802, 13.7268216]",3596.4268292682927
1027,W22 by Burasari,13.7416269,100.51302709999999,"[100.5130271, 13.7416269]",1729.2328767123288
1030,Wanderlust Bangkok Hostel,13.7183138,100.7625062,"[100.7625062, 13.7183138]",370.5
1031,Warm White Hostel,13.7616364,100.4976296,"[100.4976296, 13.7616364]",233.7962962962963
1033,Weeping Willow Sukhumvit 26,13.7250318,100.56943670000001,"[100.5694367, 13.7250318]",1565.421052631579
1035,White Home Residence,13.817392000000002,100.65966479999999,"[100.6596648, 13.817392]",456.5
1036,White House Asoke Sukhumvit 18,13.735214000000001,100.5626927,"[100.5626927, 13.735214]",1102.3333333333333
1037,White Ivory Bed and Breakfast,13.718129999999999,100.50099,"[100.50099, 13.71813]",1357.095238095238
1038,White Palace Hotel,13.754411300000001,100.538053,"[100.538053, 13.7544113]",1234.0
1040,Wild Orchid Villa,13.761982999999999,100.49409399999999,"[100.494094, 13.761983]",555.8
1043,Witchuwan Apartel,13.762284,100.559792,"[100.559792, 13.762284]",1597.2
1044,Wongcharearn Mansion,13.7707355,100.6321066,"[100.6321066, 13.7707355]",492.0
1046,X9Hostel,13.7546188,100.56620720000001,"[100.5662072, 13.7546188]",1218.25
1048,YHA Bangkok Downtown,13.7262464,100.5283089,"[100.5283089, 13.7262464]",501.0
1053,Yim Yam Hostel & Garden,13.753121700000001,100.5325084,"[100.5325084, 13.7531217]",1512.8
1054,Yor Yak Hostel,13.7207445,100.496137,"[100.496137, 13.7207445]",669.243654822335
1055,Yotaka Residence,13.770137599999998,100.6217449,"[100.6217449, 13.7701376]",2217.5
1058,ZEN Rooms Damrongrak Road,13.7546612,100.51049429999999,"[100.5104943, 13.7546612]",706.3333333333334
1061,ZEN Rooms Phaholyothin 69,13.887815,100.603064,"[100.603064, 13.887815]",821.5
1062,ZEN Rooms Phetchaburi 13,13.75283,100.53132,"[100.53132, 13.75283]",1364.0
1063,ZEN Rooms Silom 12,13.726101000000002,100.52644699999999,"[100.526447, 13.726101]",947.0
1065,ZEN Rooms Sukhumvit Soi 3,13.747456699999999,100.5540311,"[100.5540311, 13.7474567]",1420.3333333333333
1069,Zee Thai Hostel,13.763651999999999,100.50320649999999,"[100.5032065, 13.763652]",501.0
1072,Zenya Inn,13.7391234,100.5549483,"[100.5549483, 13.7391234]",1028.0
1073,akyra Thonglor Bangkok,13.730718,100.581781,"[100.581781, 13.730718]",6006.808823529412
1077,d HOSTEL BANGKOK,13.754682,100.497788,"[100.497788, 13.754682]",854.6538461538462
1080,iCheck Inn Nana,13.7414092,100.5557726,"[100.5557726, 13.7414092]",1153.909090909091
1085,iCheck inn Residences Sukhumvit 20,13.7291125,100.5630796,"[100.5630796, 13.7291125]",1443.5
1086,iCheck inn Sukhumvit 22,13.721878,100.564518,"[100.564518, 13.721878]",910.4444444444445
1090,lebua at State Tower,13.721245800000002,100.51714100000001,"[100.517141, 13.7212458]",5673.365853658536
1095,zleepmotion bangkok,13.720572,100.565694,"[100.565694, 13.720572]",1232.388888888889
